QuoteID,UserID,QuoteCreationDateTime,FlightDate,Price,Sale_Flag
QUOTE_1001,USER_98,2018-04-03 11:49:00,2018-06-24,227.7,1
QUOTE_1004,USER_26,2018-04-03 16:54:00,2018-04-03,2496.6,1
QUOTE_1007,USER_121,2018-04-04 11:06:00,2018-04-04,329.77,1
QUOTE_1016,USER_81,2018-04-04 19:59:00,2018-04-04,660.6,1
QUOTE_1017,USER_68,2018-04-05 14:38:00,2018-04-09,274.15,1
QUOTE_1020,USER_21,2018-04-05 17:27:00,2018-08-24,269.7,0
QUOTE_1021,USER_21,2018-04-05 17:30:00,2018-04-05,330.0,0
QUOTE_1024,USER_137,2018-04-06 12:04:00,2018-07-01,475.31,0
QUOTE_1026,USER_137,2018-04-06 12:13:00,2018-04-13,392.67,1
QUOTE_1029,USER_16,2018-04-06 22:25:00,2018-06-22,324.0,0
QUOTE_1030,USER_16,2018-04-06 22:29:00,2018-09-14,313.96000000000004,0
QUOTE_1032,USER_16,2018-04-07 10:20:00,2018-04-20,266.32,1
QUOTE_1038,USER_124,2018-04-09 11:15:00,2018-11-01,487.1,1
QUOTE_104,USER_114,2017-10-30 22:37:00,2018-07-23,251.1,1
QUOTE_1045,USER_12,2018-04-09 13:25:00,2018-04-09,207.0,0
QUOTE_1047,USER_12,2018-04-09 13:47:00,2018-08-08,292.7,1
QUOTE_1048,USER_4,2018-04-09 14:40:00,2018-09-30,288.9,1
QUOTE_1049,USER_67,2018-04-09 19:49:00,2018-04-19,910.96,1
QUOTE_1051,USER_84,2018-04-10 11:23:00,2018-04-11,376.87,1
QUOTE_1052,USER_84,2018-04-10 11:26:00,2018-05-01,760.83,1
QUOTE_1053,USER_51,2018-04-10 11:35:00,2018-04-24,209.15,1
QUOTE_1061,USER_135,2018-04-10 12:49:00,2018-04-10,333.0,0
QUOTE_1066,USER_135,2018-04-10 13:50:00,2018-09-02,397.8,1
QUOTE_1068,USER_60,2018-04-10 17:10:00,2018-04-20,1968.13,1
QUOTE_1070,USER_36,2018-04-10 18:54:00,2018-04-16,317.55,1
QUOTE_1072,USER_31,2018-04-12 09:32:00,2018-04-23,304.05,1
QUOTE_1073,USER_98,2018-04-12 11:56:00,2018-06-24,730.23,1
QUOTE_1074,USER_82,2018-04-12 13:47:00,2018-04-20,948.24,0
QUOTE_1081,USER_101,2018-04-13 06:40:00,2018-05-12,435.75,0
QUOTE_1082,USER_101,2018-04-13 09:07:00,2018-10-11,402.3,1
QUOTE_1083,USER_8,2018-04-13 09:49:00,2018-05-05,223.2,0
QUOTE_1092,USER_122,2018-04-17 12:22:00,2018-04-29,1808.75,1
QUOTE_1097,USER_115,2018-04-17 13:18:00,2018-05-11,347.64,1
QUOTE_1104,USER_118,2018-04-17 14:33:00,2018-04-17,398.57,1
QUOTE_1107,USER_102,2018-04-18 16:06:00,2018-06-23,1536.88,0
QUOTE_1111,USER_68,2018-04-19 09:05:00,2018-07-02,313.9,1
QUOTE_1113,USER_71,2018-04-19 10:15:00,2018-04-20,266.0,1
QUOTE_1118,USER_37,2018-04-19 15:24:00,2018-07-07,320.2,0
QUOTE_1119,USER_140,2018-04-19 17:18:00,2018-09-05,259.0,1
QUOTE_1123,USER_47,2018-04-19 23:11:00,2018-04-30,704.52,1
QUOTE_1133,USER_11,2018-04-20 13:29:00,2018-06-13,275.0,1
QUOTE_1138,USER_123,2018-04-22 11:10:00,2018-08-08,313.8,1
QUOTE_1141,USER_134,2018-04-23 10:57:00,2018-05-01,453.1,0
QUOTE_1148,USER_114,2018-04-26 10:48:00,2018-04-27,283.0,0
QUOTE_116,USER_128,2017-11-13 11:28:00,2018-01-01,4081.4,0
QUOTE_1160,USER_114,2018-04-30 10:38:00,2018-07-23,282.32,1
QUOTE_1161,USER_26,2018-04-30 11:56:00,2018-05-08,1374.12,1
QUOTE_1162,USER_90,2018-04-30 22:58:00,2018-05-01,263.55,1
QUOTE_1163,USER_38,2018-05-01 00:52:00,2018-05-12,1120.35,0
QUOTE_1164,USER_38,2018-05-01 00:55:00,2018-06-28,323.46,0
QUOTE_1165,USER_148,2018-05-01 12:08:00,2018-05-02,322.49,1
QUOTE_117,USER_128,2017-11-13 11:29:00,2018-02-01,3743.32,0
QUOTE_1170,USER_132,2018-05-02 13:25:00,2018-05-04,277.0,1
QUOTE_1171,USER_65,2018-05-03 14:14:00,2018-05-10,252.57,1
QUOTE_1191,USER_32,2018-05-08 15:46:00,2018-08-01,303.5,0
QUOTE_1200,USER_150,2018-05-09 11:41:00,2018-05-16,286.16999999999996,1
QUOTE_1203,USER_90,2018-05-09 14:26:00,2018-05-15,262.07,1
QUOTE_1209,USER_20,2018-05-09 18:26:00,2018-07-28,439.4,0
QUOTE_1210,USER_20,2018-05-09 18:43:00,2018-06-14,2808.06,0
QUOTE_1212,USER_20,2018-05-10 15:16:00,2018-05-10,2066.52,1
QUOTE_1215,USER_104,2018-05-10 18:20:00,2018-06-01,1866.23,0
QUOTE_1221,USER_148,2018-05-11 12:49:00,2018-05-22,280.75,1
QUOTE_1223,USER_56,2018-05-11 16:00:00,2018-05-22,250.2,0
QUOTE_1226,USER_111,2018-05-11 16:41:00,2018-05-11,293.8,0
QUOTE_1228,USER_32,2018-05-12 01:55:00,2018-05-13,277.0,1
QUOTE_123,USER_117,2017-11-17 17:04:00,2018-02-24,305.7,1
QUOTE_1231,USER_1,2018-05-14 09:41:00,2018-05-17,301.56,1
QUOTE_1232,USER_121,2018-05-14 11:45:00,2018-05-17,272.0,1
QUOTE_1233,USER_121,2018-05-14 11:45:00,2018-05-18,329.96,1
QUOTE_1242,USER_97,2018-05-16 15:04:00,2018-05-18,268.0,1
QUOTE_1259,USER_58,2018-05-18 08:01:00,2018-06-08,345.44,1
QUOTE_1261,USER_35,2018-05-18 13:41:00,2018-05-25,774.81,1
QUOTE_1264,USER_111,2018-05-18 14:45:00,2018-09-03,296.8,1
QUOTE_1266,USER_85,2018-05-18 19:45:00,2018-05-19,274.26,1
QUOTE_1267,USER_98,2018-05-18 20:57:00,2018-05-19,289.76,1
QUOTE_1268,USER_69,2018-05-19 14:10:00,2018-05-19,273.93,1
QUOTE_1269,USER_105,2018-05-19 14:55:00,2018-05-19,277.0,1
QUOTE_1295,USER_151,2018-05-22 11:56:00,2018-05-28,317.58,1
QUOTE_1297,USER_114,2018-05-24 22:07:00,2018-06-01,272.0,1
QUOTE_1300,USER_45,2018-05-25 11:15:00,2018-05-27,286.9,1
QUOTE_1302,USER_72,2018-05-25 12:57:00,2018-06-15,698.6,1
QUOTE_1303,USER_121,2018-05-25 16:18:00,2018-05-26,219.94,1
QUOTE_1304,USER_121,2018-05-25 16:18:00,2018-05-25,272.0,1
QUOTE_1308,USER_68,2018-05-26 21:53:00,2018-09-26,287.7,0
QUOTE_1313,USER_141,2018-05-29 11:37:00,2018-06-01,280.65999999999997,1
QUOTE_1314,USER_141,2018-05-29 11:49:00,2018-06-10,302.7,1
QUOTE_1315,USER_141,2018-05-29 11:58:00,2018-09-27,761.67,1
QUOTE_1318,USER_127,2018-05-29 15:54:00,2018-06-25,1355.18,0
QUOTE_1319,USER_150,2018-05-30 09:43:00,2018-06-02,471.41,1
QUOTE_1321,USER_105,2018-06-01 15:57:00,2018-06-01,283.0,1
QUOTE_1327,USER_113,2018-06-03 22:46:00,2018-06-11,298.74,1
QUOTE_1328,USER_154,2018-06-05 16:24:00,2018-06-17,329.67,1
QUOTE_1356,USER_128,2018-06-12 09:41:00,2018-06-12,2424.87,0
QUOTE_1357,USER_128,2018-06-12 09:53:00,2018-08-15,3951.94,0
QUOTE_137,USER_62,2017-11-24 17:12:00,2018-01-20,301.2,1
QUOTE_1385,USER_149,2018-06-14 11:43:00,2018-07-05,288.14,0
QUOTE_1389,USER_77,2018-06-14 17:30:00,2018-11-07,268.2,1
QUOTE_1393,USER_110,2018-06-15 11:02:00,2018-06-15,313.78,1
QUOTE_1396,USER_119,2018-06-16 22:58:00,2018-07-05,237.1,1
QUOTE_1402,USER_99,2018-06-18 19:09:00,2018-06-21,269.56,0
QUOTE_1409,USER_25,2018-06-19 21:41:00,2018-06-19,679.5,0
QUOTE_1412,USER_49,2018-06-21 13:52:00,2018-06-27,295.7,1
QUOTE_1417,USER_76,2018-06-22 12:14:00,2018-06-22,338.2,0
QUOTE_1419,USER_71,2018-06-22 14:46:00,2018-06-22,320.0,1
QUOTE_142,USER_60,2017-11-25 14:19:00,2018-01-01,1219.38,0
QUOTE_1421,USER_85,2018-06-23 10:55:00,2018-06-23,289.65,1
QUOTE_1423,USER_60,2018-06-23 16:56:00,2018-07-01,339.9,0
QUOTE_1427,USER_17,2018-06-24 08:04:00,2018-09-07,213.3,0
QUOTE_143,USER_46,2017-11-27 11:37:00,2018-01-09,323.9,1
QUOTE_1437,USER_116,2018-06-25 14:23:00,2018-06-25,1820.73,0
QUOTE_1438,USER_86,2018-06-25 16:18:00,2018-07-16,348.61,1
QUOTE_1440,USER_153,2018-06-26 08:45:00,2018-09-01,1516.49,0
QUOTE_1442,USER_121,2018-06-26 18:00:00,2018-06-27,276.58,1
QUOTE_1443,USER_121,2018-06-26 18:02:00,2018-06-29,219.94,1
QUOTE_1444,USER_121,2018-06-26 18:04:00,2018-07-01,272.0,1
QUOTE_1447,USER_52,2018-06-27 12:44:00,2018-06-29,277.0,1
QUOTE_1448,USER_52,2018-06-27 12:49:00,2018-07-02,267.04,1
QUOTE_1449,USER_121,2018-06-27 16:49:00,2018-06-27,678.06,1
QUOTE_1451,USER_7,2018-06-28 10:55:00,2018-08-13,320.4,1
QUOTE_1453,USER_31,2018-06-29 13:18:00,2018-07-25,322.05,1
QUOTE_1454,USER_107,2018-06-29 15:45:00,2018-06-30,330.2,1
QUOTE_1458,USER_68,2018-06-30 21:37:00,2018-07-02,278.18,1
QUOTE_1470,USER_8,2018-07-03 14:35:00,2018-09-10,449.39,1
QUOTE_1481,USER_3,2018-07-03 15:49:00,2018-11-03,738.0,1
QUOTE_1482,USER_2,2018-07-03 15:53:00,2018-11-03,852.3,1
QUOTE_1489,USER_17,2018-07-04 13:49:00,2018-06-24,263.7,0
QUOTE_1490,USER_138,2018-07-04 14:26:00,2018-10-30,218.56,0
QUOTE_1491,USER_132,2018-07-04 15:17:00,2018-07-10,275.5,1
QUOTE_1501,USER_53,2018-07-05 09:50:00,2018-09-05,309.4,0
QUOTE_1504,USER_33,2018-07-05 11:11:00,2018-10-03,2330.11,0
QUOTE_1505,USER_53,2018-07-05 11:13:00,2018-07-05,347.0,1
QUOTE_1506,USER_33,2018-07-05 11:31:00,2018-07-05,235.11,1
QUOTE_1513,USER_5,2018-07-06 08:23:00,2018-07-21,269.7,1
QUOTE_1520,USER_45,2018-07-06 16:39:00,2018-07-06,1016.1,0
QUOTE_1527,USER_147,2018-07-08 09:06:00,2018-10-24,241.25,1
QUOTE_153,USER_30,2017-11-28 14:32:00,2018-09-28,254.7,1
QUOTE_1535,USER_147,2018-07-10 07:51:00,2018-09-24,1035.7,1
QUOTE_1536,USER_65,2018-07-10 17:37:00,2018-07-11,290.03,1
QUOTE_1547,USER_105,2018-07-12 09:20:00,2018-08-04,267.61,1
QUOTE_1548,USER_105,2018-07-12 09:21:00,2018-08-12,266.1,1
QUOTE_1550,USER_70,2018-07-13 11:40:00,2018-07-14,269.16,1
QUOTE_1552,USER_85,2018-07-13 16:26:00,2018-07-14,273.05,1
QUOTE_1553,USER_99,2018-07-13 21:55:00,2018-09-07,309.98,0
QUOTE_1554,USER_62,2018-07-14 16:34:00,2018-09-17,341.1,1
QUOTE_1555,USER_62,2018-07-14 16:42:00,2018-09-17,250.07999999999998,1
QUOTE_1557,USER_123,2018-07-15 10:13:00,2018-08-08,394.31,1
QUOTE_1560,USER_13,2018-07-15 13:12:00,2018-11-03,3708.0,0
QUOTE_1561,USER_73,2018-07-15 16:07:00,2018-07-20,404.55,1
QUOTE_1563,USER_153,2018-07-16 13:49:00,2018-07-23,1092.49,1
QUOTE_157,USER_51,2017-11-30 15:08:00,2018-04-25,623.7,1
QUOTE_1573,USER_66,2018-07-18 17:20:00,2018-07-27,281.94,1
QUOTE_1574,USER_100,2018-07-19 18:21:00,2018-08-23,253.88,1
QUOTE_1580,USER_50,2018-07-20 14:33:00,2018-08-05,394.75,1
QUOTE_1581,USER_142,2018-07-20 22:14:00,2018-09-25,402.41,0
QUOTE_1583,USER_142,2018-07-21 09:37:00,2018-07-22,205.13,1
QUOTE_1584,USER_125,2018-07-23 10:30:00,2018-07-24,283.31,1
QUOTE_1585,USER_122,2018-07-23 14:12:00,2018-07-23,308.4,0
QUOTE_1586,USER_122,2018-07-23 17:17:00,2018-12-05,267.9,1
QUOTE_1587,USER_134,2018-07-24 14:22:00,2018-07-24,331.53,0
QUOTE_1589,USER_82,2018-07-25 15:33:00,2018-11-01,1483.72,0
QUOTE_1596,USER_156,2018-07-27 13:32:00,2018-07-27,347.1,0
QUOTE_1597,USER_156,2018-07-27 13:36:00,2018-09-22,286.4,0
QUOTE_1600,USER_70,2018-07-27 23:20:00,2018-07-28,265.14,1
QUOTE_1603,USER_68,2018-07-29 13:31:00,2018-07-31,319.4,1
QUOTE_1604,USER_117,2018-07-30 10:22:00,2018-09-01,310.96,0
QUOTE_1605,USER_133,2018-07-30 18:17:00,2018-08-01,340.12,1
QUOTE_1612,USER_51,2018-08-04 15:42:00,2018-12-31,338.4,1
QUOTE_1615,USER_42,2018-08-06 10:08:00,2018-08-06,537.3,0
QUOTE_1617,USER_42,2018-08-06 10:14:00,2018-11-13,358.2,1
QUOTE_1618,USER_125,2018-08-07 12:11:00,2018-08-07,282.3,1
QUOTE_1629,USER_104,2018-08-12 15:06:00,2018-09-01,2804.98,0
QUOTE_1637,USER_115,2018-08-13 11:02:00,2018-08-31,2405.96,0
QUOTE_1640,USER_46,2018-08-14 10:10:00,2018-08-22,2602.56,0
QUOTE_1644,USER_49,2018-08-14 11:15:00,2018-08-17,295.7,1
QUOTE_1646,USER_112,2018-08-14 11:50:00,2018-09-21,306.9,0
QUOTE_1648,USER_112,2018-08-14 12:02:00,2018-08-14,596.99,0
QUOTE_165,USER_89,2017-12-03 11:18:00,2018-01-07,276.0,1
QUOTE_1657,USER_154,2018-08-18 16:28:00,2018-08-25,269.92,0
QUOTE_1658,USER_22,2018-08-20 10:23:00,2018-08-22,329.28,0
QUOTE_1665,USER_63,2018-08-20 15:23:00,2018-08-20,328.01,0
QUOTE_1668,USER_64,2018-08-20 16:59:00,2018-08-20,353.28,0
QUOTE_168,USER_69,2017-12-04 15:27:00,2018-02-05,303.49,0
QUOTE_1680,USER_140,2018-08-21 15:50:00,2018-09-05,237.6,1
QUOTE_1682,USER_125,2018-08-22 11:00:00,2018-08-22,278.38,1
QUOTE_1683,USER_85,2018-08-24 00:29:00,2018-08-24,308.24,0
QUOTE_1685,USER_139,2018-08-24 15:39:00,2018-11-03,334.6,0
QUOTE_1687,USER_25,2018-08-24 21:37:00,2018-10-05,851.4,0
QUOTE_1690,USER_140,2018-08-25 17:02:00,2018-09-05,430.22,1
QUOTE_1692,USER_54,2018-08-26 15:23:00,2018-09-28,837.62,1
QUOTE_1695,USER_25,2018-08-28 17:43:00,2018-08-28,848.7,1
QUOTE_1698,USER_35,2018-08-29 11:37:00,2018-08-29,307.67,0
QUOTE_1705,USER_10,2018-08-30 14:45:00,2018-10-15,334.5,0
QUOTE_1706,USER_45,2018-08-31 13:53:00,2018-11-28,304.56,1
QUOTE_1707,USER_45,2018-08-31 13:57:00,2018-11-28,333.04,1
QUOTE_1708,USER_35,2018-08-31 14:18:00,2018-11-07,629.1,1
QUOTE_1709,USER_35,2018-08-31 14:35:00,2018-11-07,724.65,1
QUOTE_1718,USER_131,2018-09-01 21:57:00,2018-12-17,272.0,0
QUOTE_1719,USER_131,2018-09-01 22:00:00,2018-09-17,272.0,0
QUOTE_1727,USER_10,2018-09-04 11:06:00,2018-09-16,312.25,0
QUOTE_1732,USER_1,2018-09-05 13:31:00,2018-09-06,307.51,1
QUOTE_1743,USER_110,2018-09-05 23:41:00,2018-09-06,266.1,0
QUOTE_1746,USER_49,2018-09-06 10:48:00,2018-09-23,1146.59,1
QUOTE_1751,USER_125,2018-09-07 09:37:00,2018-09-07,292.56,1
QUOTE_1752,USER_116,2018-09-07 12:51:00,2018-09-08,287.08000000000004,1
QUOTE_1753,USER_66,2018-09-07 13:58:00,2018-11-08,443.4,1
QUOTE_1755,USER_95,2018-09-07 18:55:00,2018-09-08,319.01,1
QUOTE_1758,USER_139,2018-09-08 15:36:00,2018-09-08,491.4,0
QUOTE_1766,USER_96,2018-09-10 10:18:00,2018-09-16,497.13,0
QUOTE_1774,USER_38,2018-09-10 23:18:00,2018-09-15,289.1,1
QUOTE_1775,USER_88,2018-09-11 07:16:00,2018-10-17,433.38,0
QUOTE_1777,USER_65,2018-09-11 14:41:00,2018-09-17,256.11,1
QUOTE_1793,USER_23,2018-09-14 10:05:00,2018-10-24,876.94,0
QUOTE_1798,USER_89,2018-09-14 14:35:00,2018-10-09,373.7,1
QUOTE_18,USER_53,2017-07-21 09:30:00,2018-01-13,326.7,1
QUOTE_182,USER_139,2017-12-06 12:33:00,2018-03-16,244.8,0
QUOTE_1825,USER_43,2018-09-15 14:16:00,2018-12-05,338.2,1
QUOTE_1830,USER_132,2018-09-17 09:22:00,2018-09-23,313.5,1
QUOTE_1832,USER_102,2018-09-17 10:21:00,2018-10-01,1461.44,0
QUOTE_1833,USER_82,2018-09-17 12:56:00,2018-09-21,903.45,1
QUOTE_184,USER_7,2017-12-07 16:57:00,2018-05-24,391.1,1
QUOTE_1840,USER_125,2018-09-18 07:44:00,2018-09-18,292.56,1
QUOTE_1848,USER_59,2018-09-18 10:03:00,2018-10-24,5762.67,0
QUOTE_1849,USER_133,2018-09-18 16:59:00,2018-09-22,272.0,1
QUOTE_1854,USER_90,2018-09-19 13:59:00,2018-09-20,298.15,1
QUOTE_186,USER_147,2017-12-09 21:15:00,2018-02-06,679.77,1
QUOTE_1863,USER_107,2018-09-20 11:44:00,2018-09-21,330.2,1
QUOTE_1864,USER_80,2018-09-20 13:14:00,2018-12-20,250.8,1
QUOTE_1866,USER_80,2018-09-21 17:44:00,2018-10-01,380.29,0
QUOTE_1868,USER_126,2018-09-24 10:11:00,2018-09-30,574.87,1
QUOTE_1879,USER_30,2018-09-25 10:13:00,2018-09-28,324.68,1
QUOTE_1881,USER_64,2018-09-25 11:19:00,2018-10-09,2290.2,1
QUOTE_1882,USER_63,2018-09-25 11:23:00,2018-10-09,863.6,1
QUOTE_1883,USER_157,2018-09-25 12:50:00,2018-09-25,215.32,1
QUOTE_1885,USER_84,2018-09-25 15:25:00,2018-10-16,1565.22,0
QUOTE_1886,USER_148,2018-09-25 16:18:00,2018-09-26,299.15999999999997,1
QUOTE_1887,USER_128,2018-09-26 10:58:00,2018-11-01,2678.56,0
QUOTE_1888,USER_69,2018-09-26 13:47:00,2018-12-04,454.5,0
QUOTE_189,USER_1,2017-12-10 11:20:00,2018-01-07,430.61,1
QUOTE_1894,USER_94,2018-09-28 09:18:00,2018-10-04,341.69,1
QUOTE_1898,USER_71,2018-09-29 09:46:00,2018-10-06,289.37,1
QUOTE_190,USER_128,2017-12-10 18:58:00,2018-04-01,3420.42,0
QUOTE_1902,USER_139,2018-10-02 11:04:00,2018-12-12,300.3,1
QUOTE_1905,USER_56,2018-10-02 18:24:00,2018-11-09,285.33,0
QUOTE_1906,USER_58,2018-10-02 21:16:00,2018-10-04,268.0,1
QUOTE_1909,USER_56,2018-10-03 12:05:00,2018-10-03,419.07,1
QUOTE_1913,USER_146,2018-10-04 11:56:00,2018-10-12,1958.06,1
QUOTE_1917,USER_55,2018-10-05 13:47:00,2018-10-05,1087.9,0
QUOTE_1918,USER_55,2018-10-05 14:00:00,2018-12-01,284.4,0
QUOTE_192,USER_46,2017-12-12 11:30:00,2018-01-09,1744.39,1
QUOTE_1923,USER_85,2018-10-07 00:33:00,2018-10-07,335.1,1
QUOTE_1924,USER_125,2018-10-09 08:56:00,2018-10-09,279.89,1
QUOTE_1925,USER_121,2018-10-09 12:58:00,2018-10-10,322.85,1
QUOTE_194,USER_126,2017-12-13 10:23:00,2018-01-11,325.1,1
QUOTE_1940,USER_12,2018-10-09 19:54:00,2018-12-23,302.2,0
QUOTE_1944,USER_101,2018-10-09 20:08:00,2018-10-11,255.55,1
QUOTE_1959,USER_127,2018-10-12 12:19:00,2018-11-27,523.8,1
QUOTE_1963,USER_76,2018-10-12 19:22:00,2018-11-01,1131.8,0
QUOTE_1964,USER_18,2018-10-13 11:38:00,2018-10-18,1301.43,1
QUOTE_1972,USER_117,2018-10-15 15:40:00,2018-10-15,234.0,0
QUOTE_1974,USER_19,2018-10-16 15:37:00,2018-10-17,330.48,1
QUOTE_1999,USER_15,2018-10-19 14:27:00,2018-10-19,603.9,1
QUOTE_2,USER_73,2017-04-18 15:22:00,2018-01-17,494.41,0
QUOTE_2001,USER_78,2018-10-20 15:18:00,2018-10-26,465.98,1
QUOTE_2002,USER_14,2018-10-21 13:54:00,2018-10-24,1174.47,0
QUOTE_2003,USER_109,2018-10-22 07:15:00,2018-10-22,283.02,1
QUOTE_2005,USER_75,2018-10-23 12:43:00,2018-11-02,3042.86,1
QUOTE_2017,USER_129,2018-10-26 10:46:00,2018-11-06,249.3,1
QUOTE_2020,USER_137,2018-10-30 12:33:00,2018-11-09,479.77,1
QUOTE_2030,USER_48,2018-10-30 17:59:00,2018-10-30,330.81,1
QUOTE_2031,USER_74,2018-10-31 10:26:00,2018-11-01,338.34000000000003,1
QUOTE_2034,USER_32,2018-11-01 13:43:00,2018-11-02,250.3,0
QUOTE_2037,USER_115,2018-11-01 16:09:00,2018-11-08,2306.74,0
QUOTE_2038,USER_47,2018-11-01 21:52:00,2018-11-10,1199.27,1
QUOTE_2039,USER_95,2018-11-03 08:00:00,2018-11-03,271.0,1
QUOTE_2042,USER_12,2018-11-04 22:48:00,2018-11-04,277.2,1
QUOTE_2043,USER_144,2018-11-05 09:45:00,2018-11-05,282.87,0
QUOTE_2049,USER_36,2018-11-05 13:56:00,2018-11-23,246.6,1
QUOTE_2052,USER_125,2018-11-06 12:38:00,2018-11-06,275.97,1
QUOTE_2053,USER_73,2018-11-06 15:18:00,2018-11-22,220.11,0
QUOTE_2054,USER_134,2018-11-08 09:31:00,2018-11-08,938.62,0
QUOTE_2057,USER_91,2018-11-09 09:57:00,2018-11-09,390.6,0
QUOTE_2062,USER_9,2018-11-13 15:50:00,2018-11-15,427.59,1
QUOTE_2065,USER_97,2018-11-14 13:40:00,2018-12-18,329.1,0
QUOTE_2066,USER_52,2018-11-15 14:24:00,2018-11-17,276.35,1
QUOTE_2067,USER_74,2018-11-16 11:56:00,2018-11-19,770.35,1
QUOTE_2072,USER_117,2018-11-16 14:12:00,2018-11-16,461.7,0
QUOTE_2073,USER_97,2018-11-16 15:27:00,2018-11-17,209.9,1
QUOTE_2075,USER_127,2018-11-16 17:04:00,2018-11-27,1565.68,1
QUOTE_2079,USER_80,2018-11-18 22:32:00,2018-11-18,273.3,0
QUOTE_2080,USER_154,2018-11-19 11:08:00,2018-11-19,294.01,1
QUOTE_2081,USER_116,2018-11-19 14:23:00,2018-11-20,1075.23,1
QUOTE_2082,USER_65,2018-11-20 13:34:00,2018-11-21,292.44,1
QUOTE_2083,USER_1,2018-11-20 14:48:00,2018-11-24,264.67,1
QUOTE_209,USER_108,2017-12-19 15:30:00,2018-01-02,286.88,0
QUOTE_2091,USER_51,2018-11-26 12:52:00,2018-12-31,203.0,1
QUOTE_2097,USER_54,2018-11-28 11:50:00,2018-11-28,802.8,0
QUOTE_2100,USER_109,2018-12-01 05:48:00,2018-12-01,283.33,1
QUOTE_2104,USER_40,2018-12-01 16:37:00,2018-12-02,512.46,1
QUOTE_2105,USER_43,2018-12-02 16:47:00,2018-12-05,282.06,1
QUOTE_2107,USER_95,2018-12-03 06:25:00,2018-12-03,271.0,1
QUOTE_2109,USER_149,2018-12-06 09:56:00,2018-12-11,309.84000000000003,1
QUOTE_2110,USER_3,2018-12-06 19:31:00,2018-12-12,475.67,0
QUOTE_2111,USER_125,2018-12-07 09:04:00,2018-12-07,268.0,1
QUOTE_2112,USER_78,2018-12-07 15:43:00,2018-12-11,1240.64,1
QUOTE_2116,USER_58,2018-12-09 14:07:00,2018-12-18,348.01,1
QUOTE_2117,USER_126,2018-12-11 12:21:00,2018-12-11,309.15,1
QUOTE_2119,USER_136,2018-12-13 16:25:00,2018-12-19,331.2,1
QUOTE_2120,USER_66,2018-12-14 13:14:00,2018-12-18,285.56,1
QUOTE_2128,USER_151,2018-12-15 23:08:00,2018-12-15,220.5,1
QUOTE_2133,USER_109,2018-12-17 05:09:00,2018-12-17,277.26,1
QUOTE_2146,USER_91,2018-12-28 11:51:00,2018-12-28,259.8,1
QUOTE_2150,USER_158,2018-12-31 11:51:00,2019-01-28,514.12,1
QUOTE_2152,USER_158,2019-02-01 11:55:00,2019-03-05,730.23,0
QUOTE_225,USER_94,2017-12-26 11:04:00,2018-02-27,432.89,0
QUOTE_228,USER_23,2017-12-29 11:30:00,2018-01-10,558.77,0
QUOTE_232,USER_96,2017-12-31 13:38:00,2018-01-22,357.94,0
QUOTE_233,USER_84,2017-12-31 14:10:00,2018-01-02,294.08000000000004,1
QUOTE_235,USER_141,2018-01-02 07:40:00,2018-01-02,269.5,1
QUOTE_237,USER_105,2018-01-02 14:49:00,2018-01-03,283.04,1
QUOTE_242,USER_28,2018-01-03 20:47:00,2018-01-04,268.0,1
QUOTE_243,USER_50,2018-01-03 22:16:00,2018-01-18,448.23,1
QUOTE_245,USER_138,2018-01-06 12:23:00,2018-01-13,257.27,0
QUOTE_257,USER_37,2018-01-06 13:53:00,2018-02-25,271.5,1
QUOTE_259,USER_124,2018-01-08 19:59:00,2018-04-03,341.63,0
QUOTE_26,USER_34,2017-08-10 16:53:00,2018-04-30,231.0,1
QUOTE_264,USER_127,2018-01-09 15:59:00,2018-01-09,557.83,0
QUOTE_266,USER_42,2018-01-10 13:55:00,2018-01-16,380.36,1
QUOTE_271,USER_104,2018-01-12 14:54:00,2018-04-01,1497.16,0
QUOTE_282,USER_124,2018-01-14 12:30:00,2018-03-01,897.63,0
QUOTE_291,USER_95,2018-01-14 20:31:00,2018-01-14,320.4,0
QUOTE_293,USER_95,2018-01-14 20:57:00,2018-04-01,418.05,1
QUOTE_301,USER_96,2018-01-15 09:50:00,2018-04-24,305.7,1
QUOTE_302,USER_96,2018-01-15 09:53:00,2018-04-24,285.94,1
QUOTE_310,USER_22,2018-01-16 13:59:00,2018-02-04,209.7,1
QUOTE_311,USER_61,2018-01-16 18:37:00,2018-02-01,1376.03,0
QUOTE_328,USER_9,2018-01-17 11:54:00,2018-02-02,348.0,1
QUOTE_330,USER_9,2018-01-17 12:19:00,2018-02-02,298.49,1
QUOTE_331,USER_61,2018-01-17 18:15:00,2018-03-30,352.81,1
QUOTE_333,USER_122,2018-01-18 10:38:00,2018-01-18,3199.24,0
QUOTE_335,USER_122,2018-01-18 11:02:00,2018-04-30,261.0,1
QUOTE_336,USER_84,2018-01-18 11:58:00,2018-01-22,292.18,1
QUOTE_337,USER_52,2018-01-19 12:36:00,2018-01-20,268.0,1
QUOTE_338,USER_125,2018-01-19 14:49:00,2018-01-19,271.09,1
QUOTE_355,USER_106,2018-01-22 10:55:00,2018-01-22,511.6,0
QUOTE_375,USER_106,2018-01-22 15:18:00,2018-04-25,294.0,1
QUOTE_389,USER_132,2018-01-23 14:51:00,2018-01-29,285.67,1
QUOTE_39,USER_91,2017-09-19 11:48:00,2018-03-23,200.86,0
QUOTE_391,USER_57,2018-01-23 16:27:00,2018-03-10,313.8,0
QUOTE_392,USER_103,2018-01-24 08:23:00,2018-03-29,330.5,1
QUOTE_396,USER_26,2018-01-24 11:26:00,2018-01-24,2496.6,0
QUOTE_397,USER_26,2018-01-24 11:34:00,2018-05-08,1668.6,1
QUOTE_398,USER_19,2018-01-24 12:45:00,2018-01-25,247.5,1
QUOTE_414,USER_69,2018-01-27 15:38:00,2018-04-18,1627.91,1
QUOTE_423,USER_65,2018-01-28 20:22:00,2018-01-30,252.7,1
QUOTE_428,USER_39,2018-01-29 14:26:00,2018-01-29,650.7,0
QUOTE_433,USER_39,2018-01-30 11:23:00,2018-04-11,490.8,1
QUOTE_439,USER_50,2018-01-30 15:38:00,2018-02-16,644.34,1
QUOTE_443,USER_55,2018-01-30 16:07:00,2018-01-30,840.6,0
QUOTE_444,USER_55,2018-01-30 16:08:00,2018-05-02,561.6,0
QUOTE_470,USER_79,2018-02-02 13:06:00,2018-02-21,283.3,1
QUOTE_471,USER_93,2018-02-02 15:36:00,2018-02-17,1920.03,1
QUOTE_473,USER_142,2018-02-03 10:24:00,2018-02-03,339.86,0
QUOTE_478,USER_142,2018-02-04 06:45:00,2018-03-30,339.86,0
QUOTE_480,USER_146,2018-02-05 10:02:00,2018-02-24,428.91,1
QUOTE_481,USER_100,2018-02-05 21:34:00,2018-02-09,333.55,1
QUOTE_482,USER_59,2018-02-06 09:14:00,2018-02-08,832.7,1
QUOTE_484,USER_148,2018-02-06 12:44:00,2018-03-01,287.9,0
QUOTE_505,USER_134,2018-02-07 13:18:00,2018-02-07,268.0,0
QUOTE_508,USER_99,2018-02-07 15:02:00,2018-02-07,223.9,0
QUOTE_509,USER_99,2018-02-07 15:08:00,2018-04-27,278.1,0
QUOTE_511,USER_134,2018-02-08 09:39:00,2018-09-01,1074.72,0
QUOTE_512,USER_28,2018-02-08 10:52:00,2018-02-08,283.0,1
QUOTE_516,USER_87,2018-02-08 19:49:00,2018-05-18,379.75,1
QUOTE_537,USER_31,2018-02-10 10:49:00,2018-04-23,298.23,1
QUOTE_544,USER_129,2018-02-12 07:15:00,2018-11-10,271.5,1
QUOTE_545,USER_138,2018-02-12 12:46:00,2018-02-22,325.81,1
QUOTE_562,USER_145,2018-02-13 14:07:00,2018-05-06,269.7,0
QUOTE_565,USER_112,2018-02-13 18:53:00,2018-03-12,528.0,0
QUOTE_591,USER_75,2018-02-15 13:03:00,2018-02-26,2626.72,1
QUOTE_598,USER_78,2018-02-17 12:50:00,2018-04-16,1824.75,0
QUOTE_603,USER_109,2018-02-19 06:36:00,2018-02-19,273.0,1
QUOTE_616,USER_37,2018-02-20 11:09:00,2018-02-25,254.49,1
QUOTE_619,USER_54,2018-02-20 16:15:00,2018-04-27,277.59,1
QUOTE_621,USER_104,2018-02-21 14:59:00,2018-03-01,1779.38,0
QUOTE_631,USER_26,2018-02-22 12:17:00,2018-03-08,332.13,1
QUOTE_633,USER_125,2018-02-22 15:38:00,2018-04-15,281.58000000000004,0
QUOTE_634,USER_125,2018-02-22 15:48:00,2018-02-27,274.41,1
QUOTE_637,USER_35,2018-02-23 11:06:00,2018-05-24,897.98,1
QUOTE_643,USER_152,2018-02-23 14:51:00,2018-06-27,269.7,1
QUOTE_644,USER_85,2018-02-23 15:16:00,2018-02-23,279.28999999999996,1
QUOTE_645,USER_136,2018-02-23 16:15:00,2018-03-15,247.5,1
QUOTE_648,USER_52,2018-02-24 21:00:00,2018-03-04,280.09,1
QUOTE_65,USER_29,2017-10-06 09:58:00,2018-01-31,218.3,1
QUOTE_655,USER_154,2018-02-25 16:21:00,2018-03-07,874.17,0
QUOTE_661,USER_27,2018-02-25 21:32:00,2018-02-25,330.0,0
QUOTE_67,USER_26,2017-10-07 18:11:00,2018-03-08,297.0,1
QUOTE_670,USER_27,2018-02-25 23:26:00,2018-07-24,250.8,1
QUOTE_675,USER_5,2018-02-27 12:35:00,2018-02-27,720.96,0
QUOTE_681,USER_5,2018-02-27 13:30:00,2018-04-29,351.6,1
QUOTE_685,USER_92,2018-02-27 17:54:00,2018-04-19,605.36,0
QUOTE_687,USER_92,2018-02-27 18:24:00,2018-02-27,297.9,0
QUOTE_690,USER_75,2018-02-28 12:36:00,2018-03-10,2220.96,1
QUOTE_693,USER_6,2018-02-28 14:04:00,2018-03-15,209.7,1
QUOTE_698,USER_14,2018-03-01 11:17:00,2018-03-07,756.13,1
QUOTE_699,USER_18,2018-03-01 12:37:00,2018-03-09,748.23,1
QUOTE_700,USER_18,2018-03-01 12:38:00,2018-04-22,430.2,1
QUOTE_702,USER_68,2018-03-01 13:38:00,2018-03-01,273.0,1
QUOTE_734,USER_10,2018-03-05 13:24:00,2018-04-16,721.79,0
QUOTE_742,USER_83,2018-03-05 14:46:00,2018-04-29,271.5,1
QUOTE_744,USER_10,2018-03-05 15:16:00,2018-03-14,346.48,1
QUOTE_746,USER_20,2018-03-05 16:29:00,2018-03-06,1728.99,0
QUOTE_763,USER_107,2018-03-07 11:19:00,2018-03-09,553.07,1
QUOTE_782,USER_130,2018-03-08 07:07:00,2018-03-08,331.9,0
QUOTE_783,USER_97,2018-03-08 13:05:00,2018-03-10,284.5,1
QUOTE_8,USER_126,2017-06-03 17:01:00,2018-03-26,328.15,0
QUOTE_801,USER_86,2018-03-09 17:27:00,2018-07-15,263.4,1
QUOTE_803,USER_156,2018-03-09 22:13:00,2018-03-10,268.0,1
QUOTE_810,USER_136,2018-03-12 01:15:00,2018-04-21,330.68,0
QUOTE_812,USER_144,2018-03-12 10:36:00,2018-03-16,336.33,1
QUOTE_820,USER_70,2018-03-12 17:13:00,2018-05-09,283.2,1
QUOTE_826,USER_63,2018-03-13 11:38:00,2018-03-23,872.93,0
QUOTE_827,USER_64,2018-03-13 11:48:00,2018-03-24,1960.05,0
QUOTE_83,USER_129,2017-10-25 12:19:00,2018-01-14,250.8,1
QUOTE_831,USER_6,2018-03-13 14:36:00,2018-03-30,271.46,1
QUOTE_837,USER_143,2018-03-15 10:44:00,2018-04-21,347.24,0
QUOTE_843,USER_28,2018-03-15 17:08:00,2018-07-18,347.71,0
QUOTE_859,USER_109,2018-03-17 06:05:00,2018-03-17,295.99,1
QUOTE_86,USER_34,2017-10-26 15:30:00,2018-01-27,307.5,1
QUOTE_863,USER_133,2018-03-17 07:35:00,2018-06-01,318.9,0
QUOTE_868,USER_143,2018-03-17 10:55:00,2018-09-12,253.5,1
QUOTE_87,USER_66,2017-10-27 16:44:00,2018-01-09,411.06,1
QUOTE_871,USER_156,2018-03-17 19:11:00,2018-03-18,305.26,1
QUOTE_874,USER_133,2018-03-19 10:33:00,2018-03-19,373.8,1
QUOTE_877,USER_72,2018-03-19 12:40:00,2018-09-12,481.25,0
QUOTE_88,USER_11,2017-10-27 22:06:00,2018-02-03,223.0,0
QUOTE_883,USER_41,2018-03-19 16:09:00,2018-06-17,877.88,1
QUOTE_886,USER_2,2018-03-20 09:10:00,2018-04-09,271.39,0
QUOTE_888,USER_24,2018-03-20 16:55:00,2018-07-04,647.62,1
QUOTE_892,USER_120,2018-03-21 09:39:00,2018-09-10,398.7,0
QUOTE_896,USER_140,2018-03-21 16:39:00,2018-12-01,302.03,0
QUOTE_898,USER_49,2018-03-23 10:41:00,2018-04-18,781.33,1
QUOTE_902,USER_108,2018-03-23 17:17:00,2018-04-05,268.01,0
QUOTE_904,USER_155,2018-03-24 14:03:00,2018-04-17,287.7,1
QUOTE_905,USER_44,2018-03-24 16:12:00,2018-03-24,1187.1,0
QUOTE_917,USER_44,2018-03-25 16:25:00,2018-05-16,794.7,1
QUOTE_928,USER_47,2018-03-26 13:53:00,2018-09-03,602.96,0
QUOTE_939,USER_118,2018-03-27 12:39:00,2018-09-13,281.1,0
QUOTE_940,USER_44,2018-03-27 16:46:00,2018-05-16,450.17,1
QUOTE_943,USER_28,2018-03-28 08:43:00,2018-03-30,310.23,1
QUOTE_948,USER_62,2018-03-28 16:31:00,2018-03-29,276.49,1
QUOTE_951,USER_88,2018-03-29 08:13:00,2018-05-12,301.13,0
QUOTE_952,USER_134,2018-03-29 10:29:00,2018-03-29,315.12,0
QUOTE_960,USER_81,2018-03-30 13:33:00,2018-06-15,830.2,0
QUOTE_969,USER_131,2018-03-31 11:52:00,2018-04-18,289.56,1
QUOTE_973,USER_121,2018-03-31 15:11:00,2018-04-04,213.62,1
QUOTE_974,USER_121,2018-03-31 15:12:00,2018-03-31,272.0,1
QUOTE_976,USER_104,2018-04-01 13:56:00,2018-05-01,1873.38,0
QUOTE_99,USER_123,2017-10-29 13:19:00,2018-02-11,591.89,1
QUOTE_990,USER_118,2018-04-02 17:30:00,2018-06-15,361.91,0
QUOTE_991,USER_48,2018-04-02 19:47:00,2018-04-02,248.43,1
QUOTE_992,USER_146,2018-04-03 09:08:00,2018-04-10,347.2,1
